<?xml version="1.0" encoding="UTF-8"?>
<!--
Copyright 2014 Harald Postner<harald at free-creations.de>.

Licensed under the Apache License, Version 2.0 (the "License");
you may not use this file except in compliance with the License.
You may obtain a copy of the License at

     http://www.apache.org/licenses/LICENSE-2.0

Unless required by applicable law or agreed to in writing, software
distributed under the License is distributed on an "AS IS" BASIS,
WITHOUT WARRANTIES OR CONDITIONS OF ANY KIND, either express or implied.
See the License for the specific language governing permissions and
limitations under the License.
-->
<extension type="component" version="3.3.6" method="upgrade">
 
  <name>com_skcontact</name>
  <version>0.0.10</version>
  <creationDate>November 2014</creationDate>
  <author>Harald Postner</author>
  <authorEmail>harald@free-creations.de</authorEmail>
  <authorUrl>http://www.free-creations.de</authorUrl>
  <copyright>Copyright 2014 Harald Postner</copyright>
  <license>Apache License, Version 2.0</license>
  <description>COM_SKCONTACT_DESCRIPTION</description>
  
  <install> 
  </install>
  <uninstall> 
  </uninstall>
  <update> 
  </update>

  <files folder="site">
    <filename>index.html</filename>
    <filename>skcontact.php</filename>
    <filename>controller.php</filename>
    <folder>views</folder>
    <folder>models</folder>
    <folder>controllers</folder>
    <folder>language</folder>
  </files>
  
  <administration>

    <menu>COM_SKCONTACT</menu>

    <files folder="admin">
      <filename>index.html</filename>
      <filename>skcontact.php</filename>
      <filename>controller.php</filename>
      <filename>config.xml</filename>
      <folder>views</folder>
      <folder>models</folder>
      <folder>language</folder>
    </files>
  </administration>
  

 
</extension>
