<?xml version="1.0" encoding="utf-8"?>
<!DOCTYPE kinstall>
<kinstall type="kunena-template" version="2.0">
	<name>Singkreis</name>
	<creationDate>2014-10-06</creationDate>
	<version>0.0.1</version>
	<author>Kunena Team+Harald Postner</author>
	<authorEmail>harald@free-creations.de</authorEmail>
	<authorUrl>http://www.free-creations.de</authorUrl>
	<copyright>Kunena Team</copyright>
	<license>GNU/GPL</license>
	<description>a variant of the Kunena Template</description>
	<thumbnail>template_thumbnail.png</thumbnail>
	<config>
		<field name="displayMenu" type="list" default="1"
			label="COM_KUNENA_TEMPLATE_DISPLAY_MENU"
			description="COM_KUNENA_TEMPLATE_DISPLAY_MENU_DESC"
					
		>
			<option value="0">COM_KUNENA_NO</option>
			<option value="1">COM_KUNENA_YES</option>
		</field>

		<field name="avatarPosition" type="list" default="left"
			label="COM_KUNENA_TEMPLATE_PROFILE_POSITION"
			description="COM_KUNENA_TEMPLATE_PROFILEPOSITION_DESC"
					
		>
			<option value="left">COM_KUNENA_TEMPLATE_LEFT</option>
			<option value="top">COM_KUNENA_TEMPLATE_TOP</option>
			<option value="right">COM_KUNENA_TEMPLATE_RIGHT</option>
			<option value="bottom">COM_KUNENA_TEMPLATE_BOTTOM</option>
		</field>

		<field name="buttonIconset" type="list" default="default"
			label="COM_KUNENA_TEMPLATE_BUTTON_SET"
			description="COM_KUNENA_TEMPLATE_BUTTON_SET_DESC"
					
		>
			<option value="default">COM_KUNENA_TEMPLATE_DEFAULT</option>
			<option value="bluebird">COM_KUNENA_TEMPLATE_BUTTON_SET_BLUEBIRD</option>
			<option value="graybird">COM_KUNENA_TEMPLATE_BUTTON_SET_GRAYBIRD</option>
			<option value="blackbird">COM_KUNENA_TEMPLATE_BUTTON_SET_BLACKBIRD</option>
			<option value="whitebird">COM_KUNENA_TEMPLATE_BUTTON_SET_WHITEBIRD</option>
		</field>

		<field name="profileIconset" type="list" default="default"
			label="COM_KUNENA_TEMPLATE_PROFILE_ICON_SET"
			description="COM_KUNENA_TEMPLATE_PROFILE_ICON_SET_DESC"
		>
			<option value="default">COM_KUNENA_TEMPLATE_DEFAULT</option>
		</field>

		<field name="editorIconset" type="list" default="default"
			label="COM_KUNENA_TEMPLATE_EDITOR_ICON_SET"
			description="COM_KUNENA_TEMPLATE_EDITOR_ICON_SET_DESC"
					
		>
			<option value="default">COM_KUNENA_TEMPLATE_DEFAULT</option>
		</field>

		<field name="forumHeadercolor" type="text" default=""
			label="COM_KUNENA_TEMPLATE_FORUM_HEADER_BACKGROUND"
			description="COM_KUNENA_TEMPLATE_FORUM_HEADER_BACKGROUND_DESC"
		/>

		<field name="announcementHeadercolor" type="text" default="" 
			label="COM_KUNENA_TEMPLATE_ANNOUNCEMENT_HEADER_BACKGROUND" 
			description="COM_KUNENA_TEMPLATE_HEADER_BACKGROUND_COLOR_DESC"
		/>
		
		<field name="announcementBoxbgcolor" type="text" default="" 
			label="COM_KUNENA_TEMPLATE_ANNOUNCEMENT_BOX_BACKGROUND"
			description="COM_KUNENA_TEMPLATE_HEADER_BACKGROUND_COLOR_DESC"
		/>
		
		<field name="frontstatsHeadercolor" type="text" default="" 
			label="COM_KUNENA_TEMPLATE_FRONTSTATS_HEADER_BACKGROUND" 
			description="COM_KUNENA_TEMPLATE_HEADER_BACKGROUND_COLOR_DESC" 
		/>
		
		<field name="whoisonlineHeadercolor" type="text" default="" 
			label="COM_KUNENA_TEMPLATE_WHOISONLINE_HEADER_BACKGROUND"
			description="COM_KUNENA_TEMPLATE_HEADER_BACKGROUND_COLOR_DESC"
		/>

		<field name="inactiveTabcolor" type="text" default="" 
			label="COM_KUNENA_TEMPLATE_INACTIVE_TAB_COLOR" 
			description="COM_KUNENA_TEMPLATE_INACTIVE_TAB_COLOR_DESC" 
		/>
		
		<field name="activeTabcolor" type="text" default="" 
			label="COM_KUNENA_TEMPLATE_ACTIVE_TAB_COLOR" 
			description="COM_KUNENA_TEMPLATE_ACTIVE_TAB_COLOR_DESC" 
		/>
		
		<field name="hoverTabcolor" type="text" default="" 
			label="COM_KUNENA_TEMPLATE_HOVER_TAB_COLOR" 
			description="COM_KUNENA_TEMPLATE_HOVER_TAB_COLOR_DESC" 
		/>
		
		<field name="topBordercolor" type="text" default="" 
			label="COM_KUNENA_TEMPLATE_TOP_BORDER_COLOR" 
			description="COM_KUNENA_TEMPLATE_TOP_BORDER_COLOR_DESC" 
		/>
		
		<field name="inactiveFontcolor" type="text" default="" 
			label="COM_KUNENA_TEMPLATE_INACTIVE_FONT_COLOR" 
			description="COM_KUNENA_TEMPLATE_INACTIVE_FONT_COLOR_DESC" 
		/>
		
		<field name="activeFontcolor" type="text" default="" 
			label="COM_KUNENA_TEMPLATE_ACTIVE_FONT_COLOR" 
			description="COM_KUNENA_TEMPLATE_ACTIVE_FONT_COLOR_DESC"
		/>
		
		<field name="toggleButtoncolor" type="text" default="" 
			label="COM_KUNENA_TEMPLATE_TOGGLER_COLOR" 
			description="COM_KUNENA_TEMPLATE_TOGGLER_COLOR_DESC" 
		/>

		<!--
		<field name="allButtoncolor" type="color" default="#eee" label="COM_KUNENA_TEMPLATE_BUTTON_COLOR" description="COM_KUNENA_TEMPLATE_BUTTON_COLOR_DESC" />
		<field name="allButtonhovercolor" type="color" default="#eee" label="COM_KUNENA_TEMPLATE_BUTTON_HOVER_COLOR" description="COM_KUNENA_TEMPLATE_BUTTON_HOVER_COLOR_DESC" />
		<field name="allButtonbordercolor" type="color" default="#eee" label="COM_KUNENA_TEMPLATE_BUTTON_BORDER_COLOR" description="COM_KUNENA_TEMPLATE_BUTTON_BORDER_COLOR_DESC" />
		<field name="allButtonborderhovercolor" type="color" default="#eee" label="COM_KUNENA_TEMPLATE_BUTTON_BORDER_HOVER_COLOR" description="COM_KUNENA_TEMPLATE_BUTTON_BORDER_HOVER_COLOR_DESC" />
		<field name="allButtontextcolor" type="color" default="#eee" label="COM_KUNENA_TEMPLATE_BUTTON_TEXT_COLOR" description="COM_KUNENA_TEMPLATE_BUTTON_TEXT_COLOR_DESC" />
		<field name="allButtontexthovercolor" type="color" default="#eee" label="COM_KUNENA_TEMPLATE_BUTTON_TEXT_HOVER_COLOR" description="COM_KUNENA_TEMPLATE_BUTTON_TEXT_HOVER_COLOR_DESC" />

		<field name="paginationLinkcolor" type="color" default="#eee" label="COM_KUNENA_TEMPLATE_PAGINATION_COLOR" description="COM_KUNENA_TEMPLATE_PAGINATION_COLOR_DESC" />
		<field name="paginationLinkhovercolor" type="color" default="#eee" label="COM_KUNENA_TEMPLATE_PAGINATION_HOVER_COLOR" description="COM_KUNENA_TEMPLATE_PAGINATION_HOVER_COLOR_DESC" />
		<field name="paginationBordercolor" type="color" default="#eee" label="COM_KUNENA_TEMPLATE_PAGINATION_BORDER_COLOR" description="COM_KUNENA_TEMPLATE_PAGINATION_BORDER_COLOR_DESC" />
		<field name="paginationBorderhovercolor" type="color" default="#eee" label="COM_KUNENA_TEMPLATE_PAGINATION_BORDER_HOVER_COLOR" description="COM_KUNENA_TEMPLATE_PAGINATION_BORDER_HOVER_COLOR_DESC" />
		<field name="paginationTextcolor" type="color" default="#eee" label="COM_KUNENA_TEMPLATE_PAGINATION_TEXT_COLOR" description="COM_KUNENA_TEMPLATE_PAGINATION_TEXT_COLOR_DESC" />
		<field name="paginationTexthovercolor" type="color" default="#eee" label="COM_KUNENA_TEMPLATE_PAGINATION_TEXT_HOVER_COLOR" description="COM_KUNENA_TEMPLATE_PAGINATION_TEXT_HOVER_COLOR_DESC" />-->

		<field name="enableSkinner" type="list" default="0" 
			label="COM_KUNENA_TEMPLATE_SKINNER" 
			description="COM_KUNENA_TEMPLATE_SKINNER_DESC"
		>
			<option value="0">COM_KUNENA_NO</option>
			<option value="1">COM_KUNENA_YES</option>
		</field>
		
		<field name="loadResponsiveCSS" type="list" default="1" 
			label="COM_KUNENA_TEMPLATE_LOAD_RESPONSIVE_CSS" 
			description="COM_KUNENA_TEMPLATE_LOAD_RESPONSIVE_CSS_DESC"
		>
			<option value="0">COM_KUNENA_NO</option>
			<option value="1">COM_KUNENA_YES</option>
		</field>

    <!-- Required for third party templates, the default value need to be set to avoid issues in template manager
    <field name="templatebyText" type="hidden" default="" />
    <field name="templatebyName" type="hidden" default="" />
    <field name="templatebyLink" type="hidden" default="" /> -->

		<!-- Required avatar sizes -->
		<field name="avatarSizeXThumb" type="hidden" default="36" />
		<field name="avatarSizeYThumb" type="hidden" default="36" />
		<field name="avatarSizeXWelcome" type="hidden" default="72" />
		<field name="avatarSizeYWelcome" type="hidden" default="72" />
		<field name="avatarSizeXList" type="hidden" default="36" />
		<field name="avatarSizeYList" type="hidden" default="36" />
		<field name="avatarSizeXPost" type="hidden" default="144" />
		<field name="avatarSizeYPost" type="hidden" default="144" />
		<field name="avatarSizeXProfile" type="hidden" default="200" />
		<field name="avatarSizeYProfile" type="hidden" default="200" />
	</config>
</kinstall>
