<?xml version="1.0" encoding="utf-8"?>
<extension version="3.1" type="plugin" group="user" method="upgrade">
  <name>plg_user_skprofile</name>
  <version>0.0.1</version>
  <author>Harald Postner</author>
  <creationDate>November 2014</creationDate>
  <copyright>(C) 2014 Harald Postner. All rights reserved.</copyright>
  <license> Apache License, Version 2.0 ; see LICENSE.txt</license>
  <authorEmail>harald@free-creations.de</authorEmail>
  <authorUrl>www.free-creations.de</authorUrl>
  <version>3.0.2</version>
  <description>PLG_USER_SKPROFILE_XML_DESCRIPTION</description>

  <files>
    <filename plugin="skprofile">skprofile.php</filename>
    <filename>index.html</filename>
    <folder>profiles</folder>
    <folder>fields</folder>
    <folder>language</folder>
  </files>

  <config>
    <fields name="params">

      <fieldset name="basic"
                addfieldpath="/administrator/components/com_content/models/fields">
        <field name="register-require-user" type="spacer" class="text"
               label="PLG_USER_SKPROFILE_FIELD_NAME_REGISTER_REQUIRE_USER"
        />
        
                
        <field name="register-require_voice" type="list"

               description="PLG_USER_SKPROFILE_FIELD_VOICE_DESC"
               label="PLG_USER_SKPROFILE_FIELD_VOICE_LABEL"
        >
          <option value="2">JOPTION_REQUIRED</option>
          <option value="1">JOPTION_OPTIONAL</option>
          <option value="0">JDISABLED</option>
        </field>


        <field name="register-require_address" type="list"

               description="PLG_USER_SKPROFILE_FIELD_ADDRESS1_DESC"
               label="PLG_USER_SKPROFILE_FIELD_ADDRESS1_LABEL"
        >
          <option value="2">JOPTION_REQUIRED</option>
          <option value="1">JOPTION_OPTIONAL</option>
          <option value="0">JDISABLED</option>
        </field>

        <field name="register-require_postal_code" type="list"

               description="PLG_USER_SKPROFILE_FIELD_POSTAL_CODE_DESC"
               label="PLG_USER_SKPROFILE_FIELD_POSTAL_CODE_LABEL"
        >
          <option value="2">JOPTION_REQUIRED</option>
          <option value="1">JOPTION_OPTIONAL</option>
          <option value="0">JDISABLED</option>
        </field>

        <field name="register-require_phone" type="list"

               description="PLG_USER_SKPROFILE_FIELD_PHONE_DESC"
               label="PLG_USER_SKPROFILE_FIELD_PHONE_LABEL"
        >
          <option value="2">JOPTION_REQUIRED</option>
          <option value="1">JOPTION_OPTIONAL</option>
          <option value="0">JDISABLED</option>
        </field>

        <field name="register-require_mobile" type="list"

               description="PLG_USER_SKPROFILE_FIELD_MOBILE_DESC"
               label="PLG_USER_SKPROFILE_FIELD_MOBILE_LABEL"
        >
          <option value="2">JOPTION_REQUIRED</option>
          <option value="1">JOPTION_OPTIONAL</option>
          <option value="0">JDISABLED</option>
        </field>

        <field
          name="register-require_dob"
          type="list"
          label="PLG_USER_SKPROFILE_FIELD_DOB_LABEL"
          description="PLG_USER_SKPROFILE_FIELD_DOB_DESC">
          <option	value="2">JOPTION_REQUIRED</option>
          <option	value="1">JOPTION_OPTIONAL</option>
          <option	value="0">JDISABLED</option>
        </field>
        <field name="spacer1" type="spacer"
               hr="true"
        />
        <field name="profile-require-user" type="spacer" class="text"
               label="PLG_USER_SKPROFILE_FIELD_NAME_PROFILE_REQUIRE_USER"
        />
        
        <field name="profile-require_voice" type="list"

               description="PLG_USER_SKPROFILE_FIELD_VOICE_DESC"
               label="PLG_USER_SKPROFILE_FIELD_VOICE_LABEL"
        >
          <option value="2">JOPTION_REQUIRED</option>
          <option value="1">JOPTION_OPTIONAL</option>
          <option value="0">JDISABLED</option>
        </field>

        <field name="profile-require_address" type="list"

               description="PLG_USER_SKPROFILE_FIELD_ADDRESS1_DESC"
               label="PLG_USER_SKPROFILE_FIELD_ADDRESS1_LABEL"
        >
          <option value="2">JOPTION_REQUIRED</option>
          <option value="1">JOPTION_OPTIONAL</option>
          <option value="0">JDISABLED</option>
        </field>

        <field name="profile-require_postal_code" type="list"

               description="PLG_USER_SKPROFILE_FIELD_POSTAL_CODE_DESC"
               label="PLG_USER_SKPROFILE_FIELD_POSTAL_CODE_LABEL"
        >
          <option value="2">JOPTION_REQUIRED</option>
          <option value="1">JOPTION_OPTIONAL</option>
          <option value="0">JDISABLED</option>
        </field>

        <field name="profile-require_phone" type="list"
               description="PLG_USER_SKPROFILE_FIELD_PHONE_DESC"
               label="PLG_USER_SKPROFILE_FIELD_PHONE_LABEL"
        >
          <option value="2">JOPTION_REQUIRED</option>
          <option value="1">JOPTION_OPTIONAL</option>
          <option value="0">JDISABLED</option>
        </field>
        
        <field name="profile-require_mobile" type="list"
               description="PLG_USER_SKPROFILE_FIELD_MOBILE_DESC"
               label="PLG_USER_SKPROFILE_FIELD_MOBILE_LABEL"
        >
          <option value="2">JOPTION_REQUIRED</option>
          <option value="1">JOPTION_OPTIONAL</option>
          <option value="0">JDISABLED</option>
        </field>

        <field
          name="profile-require_dob"
          type="list"
          label="PLG_USER_SKPROFILE_FIELD_DOB_LABEL"
          description="PLG_USER_SKPROFILE_FIELD_DOB_DESC"
        >
          <option	value="2">JOPTION_REQUIRED</option>
          <option	value="1">JOPTION_OPTIONAL</option>
          <option	value="0">JDISABLED</option>
        </field>

      </fieldset>

    </fields>
  </config>
</extension>
