<?xml version="1.0" encoding="utf-8"?>
<extension type="module" version="3.1.0" client="site" method="upgrade">
  <name>Singkreis User-Greeting</name>
  <author>Harald Postner</author>
  <version>1.0.0</version>
  <description>Displays a greeting to logged-in users.</description>
  <files>
    <filename>mod_skusergreeting.xml</filename>
    <filename module="mod_skusergreeting">mod_skusergreeting.php</filename>
    <filename>index.html</filename>
    <filename>helper.php</filename>
    <filename>tmpl/default.php</filename>
    <filename>tmpl/index.html</filename>
  </files>
  <config>
  </config>
</extension>